{"cameraMode":{"drawMode":0,"name":"Shaded","section":"Shading Mode"},"sceneLighting":true,"audioPlay":false,"sceneViewState":{"m_AlwaysRefresh":false,"showFog":true,"showSkybox":true,"showFlares":true,"showImageEffects":true,"showParticleSystems":true,"showVisualEffectGraphs":true,"m_FxEnabled":true},"in2DMode":false,"pivot":{"x":13.396883010864258,"y":4.423037052154541,"z":-3.8576154708862306},"rotation":{"x":-0.002690320136025548,"y":0.013494299724698067,"z":0.000037838395655853674,"w":0.9999170303344727},"size":17.075536727905275,"orthographic":false}